id,content,created_at,views_count,shared_count
1,"Transform your living space into a haven of comfort. Our handcrafted pieces are designed to bring warmth and style to your home. âœ¨ #ComfortAlchemists #HomeDecor #LivingRoomInspo #HandcraftedFurniture",2025-05-01 10:00:00,150,30
2,"The beauty is in the details. At The Comfort Alchemists, we believe in the artistry of furniture making. Each piece tells a story of craftsmanship and care. ğŸªµ #FurnitureDesign #Woodworking #ArtisanMade #QualityFurniture",2025-05-02 12:30:00,256,50
3,"Sweet dreams are made of this. Create your perfect sanctuary with our collection of comfortable and stylish bedroom furniture. ğŸŒ™ #BedroomDecor #HomeComfort #SleepSanctuary #ComfortAlchemists",2025-05-03 14:15:00,180,40
4,"Work in comfort and style. Our home office collection blends functionality with elegant design to create a productive and inspiring workspace. ğŸ’¼ #HomeOffice #WorkFromHome #DeskGoals #ComfortAlchemists",2025-05-04 11:20:00,378,60
5,"Find your perfect reading nook. Create a cozy corner in your home with our selection of comfortable armchairs and stylish lighting. ğŸ“š #ReadingNook #CozyHome #ArmchairLove #ComfortAlchemists",2025-05-05 10:12:00,156,33
6,"Gather around in style. Our dining sets are designed for both everyday meals and special occasions, blending comfort and elegance. ğŸ½ï¸ #DiningRoomDecor #FamilyGatherings #ModernFurniture #ComfortAlchemists",2025-05-06 09:17:00,908,100
7,"Add layers of comfort and style. Our collection of cushions and throws are the perfect way to personalize your space and add a touch of cozy texture. ğŸŒˆ #HomeAccents #ThrowPillows #CozyBlankets #ComfortAlchemists",2025-05-07 15:46:00,854,90
8,"A before-and-after photo showcasing a room transformation using The Comfort Alchemists furniture.",2025-05-08 14:55:00,459,15
9,"Crafted with passion and precision. Meet one of our talented artisans who pour their heart and skill into creating furniture that lasts. â¤ï¸ #BehindTheScenes #ArtisanCrafted #FurnitureMakers #ComfortAlchemists",2025-05-09 22:23:00,342,55
10,"Small details, big impact. Even our smaller pieces are designed to bring comfort and style to every corner of your home. Explore our full collection online! [Link in Bio] #SmallSpaceLiving #HomeDecorIdeas #StylishDetails #ComfortAlchemists",2025-05-10 08:32:00,378,69
